{
  "individual": {
    "rf": {
      "accuracy": 0.9714611872146118,
      "f1_theft": 0.9276201505500868,
      "auc_roc": 0.9381153405747648
    },
    "gb": {
      "accuracy": 0.9713470319634703,
      "f1_theft": 0.9273516642547033,
      "auc_roc": 0.9380309864131022
    },
    "lr": {
      "accuracy": 0.9714611872146118,
      "f1_theft": 0.9276201505500868,
      "auc_roc": 0.9382463993005117
    }
  },
  "ensemble": {
    "accuracy": 0.9714611872146118,
    "f1_theft": 0.9276201505500868,
    "auc_roc": 0.9373331185558822,
    "threshold": 0.3100000000000001
  },
  "cross_validation": {
    "accuracy_mean": 0.9696803652968036,
    "accuracy_std": 0.002045386886248871,
    "f1_mean": 0.9231361293550762,
    "f1_std": 0.0053590356385394495,
    "auc_mean": 0.9367300648243445,
    "auc_std": 0.005083864852408917
  }
}